"word","count"
"coins","16449733"
"andy","16447205"
"gross","16440590"
"strongly","16433047"
"cafe","16432897"
"valentine","16424029"
"hilton","16418219"
"ken","16418119"
"proteins","16404833"
"horror","16402727"
"su","16399691"
"exp","16394663"
"familiar","16390724"
"capable","16380415"
"douglas","16379501"
"debian","16376907"
"till","16376756"
"involving","16376298"
"pen","16371249"
"investing","16370898"
"christopher","16359030"
"admission","16356727"
"epson","16344475"
"shoe","16342426"
"elected","16330663"
"carrying","16328349"
"victory","16328207"
"sand","16327687"
"madison","16320930"
"terrorism","16319906"
"joy","16317856"
"editions","16310699"
"cpu","16304338"
"mainly","16297110"
"ethnic","16295682"
"ran","16291429"
"parliament","16290285"
"actor","16282891"
"finds","16280898"
"seal","16274039"
"situations","16270907"
"fifth","16255266"
"allocated","16246437"
"citizen","16245917"
"vertical","16229818"
"corrections","16226542"
"structural","16226259"
"municipal","16208818"
"describes","16206006"
"prize","16204739"
"sr","16203551"
"occurs","16200452"
"jon","16198666"
"absolute","16198563"
"disabilities","16198516"
"consists","16197547"
"anytime","16192486"
"substance","16186870"
"prohibited","16185593"
"addressed","16180738"
"lies","16180314"
"pipe","16178319"
"soldiers","16175690"
"nr","16167942"
"guardian","16167871"
"lecture","16166157"
"simulation","16164825"
"layout","16159559"
"initiatives","16147630"
"ill","16143967"
"concentration","16134918"
"classics","16132917"
"lbs","16128161"
"lay","16122690"
"interpretation","16105115"
"horses","16104943"
"lol","16103269"
"dirty","16101662"
"deck","16091024"
"wayne","16090093"
"donate","16088860"
"taught","16082512"
"bankruptcy","16075117"
"mp","16074367"
"worker","16072941"
"optimization","16067890"
"alive","16064787"
"temple","16052337"
"substances","16048111"
"prove","16046788"
"discovered","16046554"
"wings","16044458"
"breaks","16043012"
"genetic","16036749"
"restrictions","16033947"
"participating","16019942"
"waters","16019652"
"promise","16019259"
"thin","16007743"
"exhibition","16007404"
"prefer","16005656"
"ridge","15993437"
"cabinet","15989585"
"modem","15984492"
"harris","15977621"
"mph","15975134"
"bringing","15970507"
"sick","15965297"
"dose","15959187"
"evaluate","15957355"
"tiffany","15947875"
"tropical","15944693"
"collect","15943314"
"bet","15943118"
"composition","15940860"
"toyota","15937777"
"streets","15936448"
"nationwide","15932624"
"vector","15924418"
"definitely","15922257"
"shaved","15913301"
"turning","15907811"
"buffer","15904074"
"purple","15903838"
"existence","15903650"
"commentary","15903623"
"larry","15900632"
"limousines","15896017"
"developments","15890766"
"def","15888408"
"immigration","15879176"
"destinations","15877446"
"lets","15876825"
"mutual","15870882"
"pipeline","15869328"
"necessarily","15867816"
"syntax","15843797"
"li","15843713"
"attribute","15839012"
"prison","15837188"
"skill","15835076"
"chairs","15833070"
"nl","15830230"
"everyday","15820001"
"apparently","15815805"
"surrounding","15800079"
"mountains","15790868"
"moves","15789001"
"popularity","15785972"
"inquiry","15783409"
"ethernet","15783362"
"checked","15762226"
"exhibit","15756535"
"throw","15751985"
"trend","15747018"
"sierra","15742544"
"visible","15741542"
"cats","15735084"
"desert","15732752"
"postposted","15722718"
"ya","15718531"
"oldest","15717579"
"rhode","15717565"
"nba","15714432"
"busty","15705827"
"coordinator","15702834"
"obviously","15702193"
"mercury","15697468"
"steven","15696875"
"handbook","15687517"
"greg","15681408"
"navigate","15678579"
"worse","15677739"
"summit","15676832"
"victims","15672487"
"epa","15664730"
"spaces","15660073"
"fundamental","15644603"
"burning","15637551"
"escape","15631531"
"coupons","15627914"
"somewhat","15620893"
"receiver","15617699"
"substantial","15617578"
"tr","15614045"
"progressive","15612754"
"cialis","15610754"
"bb","15607299"
"boats","15600762"
"glance","15569554"
"scottish","15566389"
"championship","15559558"
"arcade","15549676"
"richmond","15546998"
"sacramento","15546396"
"impossible","15545255"
"ron","15544519"
"russell","15535983"
"tells","15534490"
"obvious","15533662"
"fiber","15530318"
"depression","15527836"
"graph","15526746"
"covering","15524533"
"platinum","15499095"
"judgment","15494434"
"bedrooms","15492873"
"talks","15484166"
"filing","15480156"
"foster","15478056"
"modeling","15474514"
"passing","15467267"
"awarded","15460775"
"testimonials","15457627"
"trials","15454182"
"tissue","15448105"
"nz","15445373"
"memorabilia","15439034"
"clinton","15436647"
"masters","15434147"
"bonds","15431252"
"cartridge","15408708"
"alberta","15407660"
"explanation","15397428"
"folk","15396094"
"org","15392460"
"commons","15387811"
"cincinnati","15387448"
"subsection","15382965"
"fraud","15378751"
"electricity","15377549"
"permitted","15372818"
"spectrum","15371128"
"arrival","15370734"
"okay","15368116"
"pottery","15362084"
"emphasis","15360894"
"roger","15353411"
"aspect","15351221"
"workplace","15350829"
"awesome","15350104"
"mexican","15347885"
"confirmed","15335457"
"counts","15329536"
"priced","15326748"
"wallpapers","15310025"
"hist","15307332"
"crash","15302627"
"lift","15291571"
"desired","15283698"
"inter","15269346"
"closer","15247535"
"assumes","15233889"
"heights","15226748"
"shadow","15221952"
"riding","15211063"
"infection","15208640"
"firefox","15205457"
"lisa","15203868"
"expense","15193823"
"grove","15189493"
"eligibility","15188396"
"venture","15188265"
"clinic","15187443"
"korean","15184402"
"healing","15173541"
"princess","15173384"
"mall","15173142"
"entering","15167200"
"packet","15160863"
"spray","15148133"
"studios","15144063"
"involvement","15140824"
"dad","15136055"
"buttons","15130468"
"placement","15123965"
"observations","15118474"
"vbulletin","15106975"
"funded","15102739"
"thompson","15101054"
"winners","15099775"
"extend","15096022"
"roads","15093621"
"subsequent","15092940"
"pat","15087654"
"dublin","15086138"
"rolling","15086116"
"fell","15084108"
"motorcycle","15081508"
"yard","15075593"
"disclosure","15072865"
"establishment","15070667"
"memories","15062682"
"nelson","15060628"
"te","15057406"
"arrived","15056872"
"creates","15051571"
"faces","15050854"
"tourist","15046652"
"cocks","15043799"
"av","15036355"
"mayor","15030847"
"murder","15030656"
"sean","15027031"
"adequate","15023940"
"senator","15023107"
"yield","15022494"
"presentations","15018777"
"grades","15013830"
"cartoons","15005504"
"pour","15002685"
"digest","14996313"
"reg","14995986"
"lodging","14995901"
"tion","14994458"
"dust","14993121"
"hence","14992334"
"wiki","14991485"
"entirely","14990474"
"replaced","14987637"
"radar","14982375"
"rescue","14978200"
"undergraduate","14975214"
"losses","14973062"
"combat","14971773"
"reducing","14963215"
"stopped","14956865"
"occupation","14955527"
"lakes","14947463"
"butt","14942973"
"donations","14935399"
"associations","14933216"
"citysearch","14930704"
"closely","14927179"
"radiation","14922980"
"diary","14922472"
"seriously","14915797"
"kings","14914273"
"shooting","14891626"
"kent","14887797"
"adds","14883328"
"nsw","14881736"
"ear","14872850"
"flags","14870655"
"pci","14864704"
"baker","14862470"
"launched","14862050"
"elsewhere","14853167"
"pollution","14853076"
"conservative","14852075"
"guestbook","14851514"
"shock","14850388"
"effectiveness","14838707"
"walls","14837851"
"abroad","14837382"
"ebony","14831025"
"tie","14830885"
"ward","14828169"
"drawn","14827380"
"arthur","14825384"
"ian","14812893"
"visited","14810983"
"roof","14809282"
"walker","14808511"
"demonstrate","14807121"
"atmosphere","14803304"
"suggests","14802625"
"kiss","14790481"
"beast","14787561"
"ra","14786910"
"operated","14782108"
"experiment","14781439"
"targets","14774632"
"overseas","14773122"
"purchases","14768992"
"dodge","14768509"
"counsel","14767437"
"federation","14764881"
"pizza","14763787"
"invited","14757576"
"yards","14733347"
"assignment","14722710"
"chemicals","14709395"
"gordon","14699060"
"mod","14698596"
"farmers","14696457"
"rc","14693072"
"queries","14692020"
"bmw","14690982"
"rush","14684452"
"ukraine","14682465"
"absence","14681896"
"nearest","14677826"
"cluster","14673133"
"vendors","14669722"
"mpeg","14665516"
"whereas","14663372"
"yoga","14660956"
"serves","14656807"
"woods","14647735"
"surprise","14644385"
"lamp","14643268"
"rico","14643252"
"partial","14642158"
"shoppers","14642145"
"phil","14637522"
"everybody","14634773"
"couples","14630622"
"nashville","14630550"
"ranking","14624061"
"jokes","14622894"
"cst","14620842"
"http","14610476"
"ceo","14610097"
"simpson","14608954"
"twiki","14601448"
"sublime","14597663"
"counseling","14592664"
"palace","14592259"
"acceptable","14590887"
"satisfied","14589394"
"glad","14585030"
"wins","14584511"
"measurements","14571657"
"verify","14563766"
"globe","14554904"
"trusted","14554254"
"copper","14543941"
"milwaukee","14539988"
"rack","14533607"
"medication","14530555"
"warehouse","14530204"
"shareware","14526022"
"ec","14520396"
"rep","14515807"
"dicke","14514973"
"kerry","14514771"
"receipt","14513169"
"supposed","14497557"
"ordinary","14494084"
"nobody","14490265"
"ghost","14490042"
"violation","14467817"
"configure","14461355"
"stability","14458903"
"mit","14453361"
"applying","14440499"
"southwest","14437691"
"boss","14436477"
"pride","14428078"
"institutional","14424194"
"expectations","14423121"
"independence","14412277"
"knowing","14410719"
"reporter","14400125"
"metabolism","14391891"
"keith","14391094"
"champion","14388928"
"cloudy","14383882"
"linda","14380554"
"ross","14375120"
"personally","14373028"
"chile","14372798"
"anna","14372193"
"plenty","14364719"
"solo","14360216"
"sentence","14359872"
"throat","14353822"
"ignore","14353555"
"maria","14347893"
"uniform","14345220"
"excellence","14332723"
"wealth","14325239"
"tall","14323697"
"rm","14318442"
"somewhere","14317877"
"vacuum","14316397"
"dancing","14310606"
"attributes","14300116"
"recognize","14300000"
"brass","14298573"
"writes","14276954"
"plaza","14274314"
"pdas","14267487"
"outcomes","14265483"
"survival","14259073"
"quest","14258533"
"publish","14255645"
"sri","14252518"
"screening","14248830"
"toe","14248601"
"thumbnail","14245047"
"trans","14243681"
"jonathan","14235793"
"whenever","14234378"
"nova","14231374"
"lifetime","14229499"
"api","14226160"
"pioneer","14225288"
"booty","14218854"
"forgotten","14214206"
"acrobat","14213883"
"plates","14210099"
"acres","14208905"
"venue","14204074"
"athletic","14193383"
"thermal","14186960"
"essays","14183871"
"behaviour","14175567"
"vital","14166642"
"telling","14160780"
"fairly","14154477"
"coastal","14153912"
"config","14152050"
"cf","14145612"
"charity","14141658"
"intelligent","14136076"
"edinburgh","14135031"
"vt","14134539"
"excel","14133468"
"modes","14131325"
"obligation","14122636"
"campbell","14122054"
"wake","14120141"
"stupid","14118370"
"harbor","14117675"
"hungary","14113963"
"traveler","14109044"
"urw","14107957"
"segment","14101910"
"realize","14098493"
"regardless","14096520"
"lan","14086211"
"enemy","14084182"
"puzzle","14083532"
"rising","14079219"
"aluminum","14077377"
"wells","14073676"
"wishlist","14070610"
"opens","14070477"
"insight","14070057"
"sms","14066848"
"shit","14058658"
"restricted","14056761"
"republican","14056260"
"secrets","14054988"
"lucky","14053901"
"latter","14044005"
"merchants","14033655"
"thick","14030556"
"trailers","14029478"
"repeat","14024814"
"syndrome","14023758"
"philips","14023116"
"attendance","14022851"
"penalty","14018500"
"drum","14015510"
"glasses","14009815"
"enables","14005681"
"nec","14001999"
"iraqi","13999381"
"builder","13993483"
"vista","13991160"
"jessica","13985443"
"chips","13982676"
"terry","13981773"
"flood","13979267"
"foto","13978552"
"ease","13974702"
"arguments","13971547"
"amsterdam","13969875"
"orgy","13967728"
"arena","13966572"
"adventures","13966085"
"pupils","13951572"
"stewart","13951321"
"announcement","13951272"
"tabs","13950657"
"outcome","13941550"
"xx","13940135"
"appreciate","13938792"
"expanded","13932764"
"casual","13932521"
"grown","13931521"
"polish","13927858"
"lovely","13923904"
"extras","13923870"
"gm","13918451"
"centres","13910645"
"jerry","13908229"
"clause","13906621"
"smile","13893537"
"lands","13891179"
"ri","13890693"
"troops","13879349"
"indoor","13871917"
"bulgaria","13868346"
"armed","13866785"
"broker","13865583"
"charger","13862324"
"regularly","13860363"
"believed","13851733"
"pine","13842664"
"cooling","13842002"
"tend","13840765"
"gulf","13830000"
"rt","13828683"
"rick","13822320"
"trucks","13809070"
"cp","13806456"
"mechanisms","13805561"
"divorce","13803408"
"laura","13801282"
"shopper","13798030"
"tokyo","13793165"
"partly","13790568"
"nikon","13789510"
"customize","13783519"
"tradition","13773517"
"candy","13772033"
"pills","13767091"
"tiger","13763074"
"donald","13761404"
"folks","13760930"
"sensor","13759334"
"exposed","13756477"
"telecom","13755270"
"hunt","13752874"
"angels","13747515"
"deputy","13747486"
"indicators","13737979"
"sealed","13733878"
"thai","13726171"
"emissions","13718311"
"physicians","13717814"
"loaded","13714028"
"fred","13703297"
"complaint","13703047"
"scenes","13691578"
"experiments","13690535"
"balls","13683840"
"afghanistan","13675892"
"dd","13675652"
"boost","13675076"
"spanking","13673436"
"scholarship","13667978"
"governance","13664006"
"mill","13658453"
"founded","13656662"
"supplements","13656530"
"chronic","13650397"
"icons","13649671"
"tranny","13645638"
"moral","13643598"
"den","13641144"
"catering","13638302"
"aud","13636055"
"finger","13628350"
"keeps","13624468"
"pound","13620117"
"locate","13616735"
"camcorder","13609184"
"pl","13608193"
"trained","13608102"
"burn","13602754"
"implementing","13588118"
"roses","13584758"
"labs","13582203"
"ourselves","13581863"
"bread","13575360"
"tobacco","13574147"
"wooden","13564576"
"motors","13563719"
"tough","13560922"
"roberts","13553645"
"incident","13553458"
"gonna","13542156"
"dynamics","13534626"
"lie","13533542"
"crm","13533108"
"rf","13530421"
"conversation","13527150"
"decrease","13523903"
"cumshots","13521963"
"chest","13516414"
"pension","13515899"
"billy","13515249"
"revenues","13508713"
"emerging","13504049"
"worship","13502651"
"bukkake","13499254"
"capability","13491067"
"ak","13486949"
"fe","13484286"
"craig","13480763"
"herself","13479005"
"producing","13472319"
"churches","13467005"
"precision","13465434"
"damages","13463452"
"reserves","13456639"
"contributed","13454831"
"solve","13452150"
"shorts","13446221"
"reproduction","13443395"
"minority","13436730"
"td","13432717"
"diverse","13432331"
"amp","13421855"
"ingredients","13418042"
"sb","13412944"
"ah","13406814"
"johnny","13404833"
"sole","13401764"
"franchise","13396527"
"recorder","13394033"
"complaints","13388225"
"facing","13385115"
"sm","13383491"
"nancy","13381057"
"promotions","13378320"
"tones","13373535"
"passion","13370569"
"rehabilitation","13370501"
"maintaining","13362778"
"sight","13360499"
"laid","13359320"
"clay","13357683"
"defence","13356231"
"patches","13354086"
"weak","13347842"
"refund","13340961"
"usc","13340286"
"towns","13337599"
"environments","13331567"
"trembl","13326500"
"divided","13323175"
"blvd","13317989"
"reception","13317222"
"amd","13312952"
"wise","13299902"
"emails","13289920"
"cyprus","13285903"
"wv","13283422"
"odds","13282573"
"correctly","13281872"
"insider","13275905"
"seminars","13272933"
"consequences","13267090"
"makers","13264592"
"hearts","13262019"
"geography","13258481"
"appearing","13254387"
"integrity","13247038"
"worry","13243591"
"ns","13239487"
"discrimination","13237807"
"eve","13237067"
"carter","13235755"
"legacy","13223921"
"marc","13217593"
"pleased","13215862"
"danger","13206765"
"vitamin","13204687"
"widely","13197312"
"processed","13192681"
"phrase","13191958"
"genuine","13191602"
"raising","13190308"
"implications","13188157"
"functionality","13187557"
"paradise","13186910"
"hybrid","13174794"
"reads","13174104"
"roles","13171507"
"intermediate","13162056"
"emotional","13160826"
"sons","13160458"
"leaf","13159307"
"pad","13159201"
"glory","13158826"
"platforms","13157939"
"ja","13156568"
"bigger","13152228"
"billing","13151677"
"diesel","13147963"
"versus","13147766"
"combine","13139084"
"overnight","13137405"
"geographic","13136286"
"exceed","13135673"
"bs","13125950"
"rod","13124744"
"saudi","13123149"
"fault","13112664"
"cuba","13111342"
"hrs","13110679"
"preliminary","13106833"
"districts","13106605"
"introduce","13104630"
"silk","13099161"
"promotional","13084826"
"kate","13076275"
"chevrolet","13074108"
"babies","13070103"
"bi","13070039"
"karen","13067717"
"compiled","13067154"
"romantic","13055842"
"revealed","13042465"
"specialists","13041955"
"generator","13041439"
"albert","13040324"
"examine","13030604"
"jimmy","13030009"
"graham","13026222"
"suspension","13025162"
"bristol","13022446"
"margaret","13021244"
"compaq","13015144"
"sad","13010129"
"correction","13009622"
"wolf","13001992"
"slowly","13000552"
"authentication","12998105"
"communicate","12992824"
"rugby","12992179"
"supplement","12988231"
"showtimes","12978770"
"cal","12967326"
"portions","12963319"
"infant","12959639"
"promoting","12956304"
"sectors","12948547"
"samuel","12947907"
"fluid","12943336"
"grounds","12943233"
"fits","12942004"
"kick","12941649"
"regards","12939920"
"meal","12937343"
"ta","12936942"
"hurt","12936269"
"machinery","12936031"
"bandwidth","12935437"
"unlike","12933815"
"equation","12933641"
"baskets","12933398"
"probability","12929028"
"pot","12927383"
"dimension","12925504"
"wright","12925206"
"img","12922908"
"barry","12921548"
"proven","12920984"
"schedules","12917359"
"admissions","12907686"
"cached","12887996"
"warren","12887808"
"slip","12886015"
"studied","12881982"
"reviewer","12879631"
"involves","12878082"
"quarterly","12876640"
"rpm","12872296"
"profits","12872162"
"devil","12869511"
"grass","12868953"
"comply","12868396"
"marie","12862466"
"florist","12860636"
"illustrated","12858193"
"cherry","12855670"
"continental","12854435"
"alternate","12846709"
"deutsch","12846263"
"achievement","12845656"
"limitations","12844407"
"kenya","12839981"
"webcam","12835042"
"cuts","12832156"
"funeral","12827388"
"nutten","12826864"
"earrings","12822060"
"enjoyed","12819458"
"automated","12816951"
"chapters","12814410"
"pee","12811886"
"charlie","12810984"
"quebec","12807746"
"nipples","12804977"
"passenger","12804602"
"convenient","12801318"
"dennis","12801087"
"mars","12792948"
"francis","12791715"
"tvs","12782654"
"sized","12775596"
"manga","12774174"
"noticed","12773325"
"socket","12770550"
"silent","12768385"
"literary","12767813"
"egg","12766528"
"mhz","12762988"
"signals","12760317"
"caps","12758083"
"orientation","12750803"
"pill","12749153"
"theft","12744763"
"childhood","12740200"
"swing","12734467"
"symbols","12733176"
"lat","12732598"
"meta","12731331"
"humans","12729034"
"analog","12726931"
"facial","12721452"
"choosing","12717377"
"talent","12712170"
"dated","12707511"
"flexibility","12700246"
"seeker","12696541"
"wisdom","12696160"
"shoot","12695618"
"boundary","12695163"
"mint","12694588"
"packard","12691717"
"offset","12689932"
"payday","12682146"
"philip","12674163"
"elite","12673836"
"gi","12673643"
"spin","12671696"
"holders","12665447"
"believes","12663723"
"swedish","12662613"
"poems","12662561"
"deadline","12662277"
"jurisdiction","12657881"
"robot","12656312"
"displaying","12650318"
"witness","12643368"
"collins","12638925"
"equipped","12635856"
"stages","12632816"
"encouraged","12632676"
"sur","12632510"
"winds","12628386"
"powder","12627415"
"broadway","12620441"
"acquired","12619643"
"assess","12614289"
"wash","12612759"
"cartridges","12611549"
"stones","12611462"
"entrance","12610212"
"gnome","12609820"
"roots","12609370"
"declaration","12609210"
"losing","12607223"
"attempts","12606763"
"gadgets","12604953"
"noble","12604679"
"glasgow","12596942"
"automation","12592519"
"impacts","12585629"
"rev","12575365"
"gospel","12572666"
"advantages","12569204"
"shore","12568485"
"loves","12566621"
"induced","12566340"
"ll","12564191"
"knight","12563918"
"preparing","12556793"
"loose","12556710"
"aims","12555862"
"recipient","12555432"
"linking","12555304"
"extensions","12552534"
"appeals","12550346"
"cl","12549130"
"earned","12540187"
"illness","12539579"
"islamic","12539523"
"athletics","12534433"
"southeast","12520872"
"ieee","12520362"
"ho","12515925"
"alternatives","12512859"
"pending","12509596"
"parker","12509468"
"determining","12507793"
"lebanon","12503316"
"corp","12500878"
"personalized","12495791"
"kennedy","12494982"
"gt","12493779"
"sh","12493091"
"conditioning","12490899"
"teenage","12488595"
"soap","12485378"
"ae","12480269"
"triple","12478554"
"cooper","12476378"
"nyc","12475941"
"vincent","12468392"
"jam","12468316"
"secured","12463155"
"unusual","12459909"
"answered","12457330"
"partnerships","12453817"
"destruction","12453758"
"slots","12452126"
"increasingly","12442507"
"migration","12442426"
"disorder","12437958"
"routine","12437176"
"toolbar","12436439"
"basically","12428283"
"rocks","12427428"
"conventional","12426348"
"titans","12408915"
"applicants","12408250"
"wearing","12401524"
"axis","12399723"
"sought","12398749"
"genes","12396954"
"mounted","12391977"
"habitat","12388574"
"firewall","12387228"
"median","12384523"
"guns","12383666"
"scanner","12375659"
"herein","12372347"
"occupational","12368358"
"animated","12365108"
"horny","12363955"
"judicial","12363943"
"rio","12362288"
"hs","12344206"
"adjustment","12343670"
"hero","12343606"
"integer","12343092"
"treatments","12341268"
"bachelor","12335355"
"attitude","12331010"
"camcorders","12327884"
"engaged","12325194"
"falling","12324340"
"basics","12316733"
"montreal","12310310"
"carpet","12309442"
"rv","12295996"
"struct","12292326"
"lenses","12288564"
"binary","12286978"
"genetics","12285353"
"attended","12284886"
"difficulty","12282409"
"punk","12282363"
"collective","12276900"
"coalition","12274377"
"pi","12272978"
"dropped","12265666"
"enrollment","12253733"
"duke","12250071"
"walter","12248848"
"ai","12248842"
"pace","12247704"
"besides","12246405"
"wage","12243196"
"producers","12242166"
"ot","12234379"
"collector","12233823"
"arc","12229184"
"hosts","12228736"
"interfaces","12224161"
"advertisers","12223306"
"moments","12221536"
"atlas","12221120"
"strings","12221039"
"dawn","12219521"
"representing","12219202"
"observation","12217876"
"feels","12212683"
"torture","12209454"
"carl","12209059"
"deleted","12207876"
"coat","12207355"
"mitchell","12207212"
"mrs","12206596"
"rica","12205992"
"restoration","12202668"
"convenience","12201623"
"returning","12197026"
"ralph","12190683"
"opposition","12183104"
"container","12181942"
"yr","12176279"
"defendant","12169689"
"warner","12165874"
"confirmation","12157725"
"app","12156802"
"embedded","12156057"
"inkjet","12155897"
"supervisor","12154591"
"wizard","12151804"
"corps","12150135"
"actors","12149923"
"liver","12139363"
"peripherals","12137652"
"liable","12126852"
"brochure","12124414"
"morris","12122016"
"bestsellers","12121686"
"petition","12120487"
"eminem","12120025"
"recall","12118110"
"antenna","12115794"
"picked","12114899"
"assumed","12113023"
"departure","12111116"
"minneapolis","12111079"
"belief","12108114"
"killing","12106805"
"bikini","12105241"
"memphis","12103085"
"shoulder","12100130"
"decor","12098868"
"lookup","12096074"
"texts","12095723"
"harvard","12089345"
"brokers","12075458"
"roy","12074809"
"ion","12074177"
"diameter","12059691"
"ottawa","12050603"
"doll","12047864"
"ic","12040669"
"podcast","12040451"
"tit","12036749"
"seasons","12035131"
"peru","12033152"
"interactions","12030927"
"refine","12027198"
"bidder","12023506"
"singer","12021075"
"evans","12020970"
"herald","12020777"
"literacy","12016141"
"fails","12015364"
"aging","12014007"
"nike","12009663"
"intervention","12006519"
"pissing","12005503"
"fed","12005354"
"plugin","12004200"
"attraction","11998068"
"diving","11997559"
"invite","11994795"
"modification","11994630"
"alice","11994061"
"latinas","11988068"
"suppose","11981451"
"customized","11979867"
"reed","11977359"
"involve","11976257"
"moderate","11975598"
"terror","11975502"
"younger","11971094"
"thirty","11969481"
"mice","11967727"
"opposite","11965213"
"understood","11962620"
"rapidly","11959135"
"dealtime","11955064"
"ban","11940116"
"temp","11938391"
"intro","11938092"
"mercedes","11935820"
"zus","11935423"
"assurance","11928914"
"fisting","11927246"
"clerk","11923960"
"happening","11920756"
"vast","11916770"
"mills","11910667"
"outline","11910319"
"amendments","11901949"
"tramadol","11899198"
"holland","11897739"
"receives","11897613"
"jeans","11896655"
"metropolitan","11896215"
"compilation","11894545"
"verification","11890283"
"fonts","11884559"
"ent","11872105"
"odd","11871958"
"wrap","11871928"
"refers","11869181"
"mood","11868381"
"favor","11867822"
"veterans","11867645"
"quiz","11866535"
"mx","11866191"
"sigma","11864409"
"gr","11858655"
"attractive","11857523"
"xhtml","11856704"
"occasion","11854911"
"recordings","11854099"
"jefferson","11851441"
"victim","11844825"
"demands","11843789"
"sleeping","11840656"
"careful","11836566"
"ext","11830447"
"beam","11827772"
"gardening","11823864"
"obligations","11820453"
"arrive","11812688"
"orchestra","11808109"
"sunset","11802197"
"tracked","11801246"
"moreover","11797770"
"minimal","11787905"
"polyphonic","11779964"
"lottery","11776450"
"tops","11771127"
"framed","11770634"
"aside","11768649"
"outsourcing","11766166"
"licence","11761605"
"adjustable","11757528"
"allocation","11756315"
"michelle","11752565"
"essay","11750312"
"discipline","11734967"
"amy","11734926"
"ts","11731220"
"demonstrated","11721030"
"dialogue","11720390"
"identifying","11718306"
"alphabetical","11717970"
"camps","11712039"
"declared","11707935"
"dispatched","11701771"
"aaron","11698784"
"handheld","11697875"
"trace","11697252"
"disposal","11693072"
"shut","11689186"
"florists","11684143"
"packs","11683277"
"ge","11678554"
"installing","11675871"
"switches","11673995"
"romania","11672746"
"voluntary","11671298"
"ncaa","11671224"
"thou","11669062"
"consult","11666011"
"phd","11665297"
"greatly","11664471"
"blogging","11660000"
"mask","11654805"
"cycling","11653999"
"midnight","11650394"
"ng","11645846"
"commonly","11638541"
"pe","11638517"
"photographer","11637896"
"inform","11637681"
"turkish","11628585"
"coal","11625191"
"cry","11624610"
"messaging","11623632"
"pentium","11614819"
"quantum","11611352"
"murray","11607168"
"intent","11596706"
"tt","11590640"
"zoo","11589578"
"largely","11587337"
"pleasant","11587208"
"announce","11583296"
"constructed","11581210"
"additions","11579566"
"requiring","11578075"
"spoke","11577917"
"aka","11570453"
"arrow","11563142"
"engagement","11562545"
"sampling","11558186"
"rough","11557184"
"weird","11556427"
"tee","11539905"
"refinance","11537028"
"lion","11531749"
"inspired","11531233"
"holes","11529280"
"weddings","11529020"
"blade","11527988"
"suddenly","11523262"
"oxygen","11522424"
"cookie","11517481"
"meals","11515834"
"canyon","11515517"
"goto","11503742"
"meters","11502899"
"merely","11492724"
"calendars","11488301"
"arrangement","11486779"
"conclusions","11484905"
"passes","11484329"
"bibliography","11483881"
"pointer","11475647"
"compatibility","11467191"
"stretch","11463625"
"durham","11463394"
"furthermore","11462067"
"permits","11453109"
"cooperative","11453108"
"muslim","11451583"
"xl","11450451"
"neil","11446551"
"sleeve","11444961"
"netscape","11443351"
"cleaner","11442551"
"cricket","11442124"
"beef","11441469"
"feeding","11441465"
"stroke","11440396"
"township","11435976"
"rankings","11433277"
"measuring","11432076"
"cad","11431260"
"hats","11430056"
"robin","11423944"
"robinson","11422896"
"jacksonville","11419276"
"strap","11414669"
"headquarters","11414484"
"sharon","11410497"
"crowd","11409218"
"tcp","11407040"
"transfers","11403780"
"surf","11402999"
"olympic","11399795"
"transformation","11397689"
"remained","11392181"
"attachments","11392078"
"dv","11389585"
"dir","11381802"
"entities","11373336"
"customs","11372432"
"administrators","11370681"
"personality","11361835"
"rainbow","11360882"
"hook","11359349"
"roulette","11359153"
"decline","11351898"
"gloves","11347457"
"israeli","11341552"
"medicare","11339790"
"cord","11338350"
"skiing","11337414"
"cloud","11337220"
"facilitate","11330977"
"subscriber","11326491"
"valve","11325360"
"val","11322492"
"hewlett","11322089"
"explains","11317473"
"proceed","11314599"
"flickr","11305570"
"feelings","11299333"
"knife","11297715"
"jamaica","11293962"
"priorities","11288273"
"shelf","11287023"
"bookstore","11285387"
"timing","11283175"
"liked","11282738"
"parenting","11280195"
"adopt","11272339"
"denied","11268485"
"fotos","11264350"
"incredible","11261994"
"britney","11258215"
"freeware","11256443"
"fucked","11254558"
"donation","11245208"
"outer","11245167"
"crop","11244764"
"deaths","11242764"
"rivers","11239247"
"commonwealth","11231405"
"pharmaceutical","11229705"
"manhattan","11228022"
"tales","11222332"
"katrina","11217436"
"workforce","11215929"
"islam","11214742"
"nodes","11208722"
"tu","11206203"
"fy","11203603"
"thumbs","11202045"
"seeds","11196921"
"cited","11195944"
"lite","11195840"
"ghz","11189355"
"hub","11188639"
"targeted","11188624"
"organizational","11188435"
"skype","11188286"
"realized","11186108"
"twelve","11182087"
"founder","11180601"
"decade","11178625"
"gamecube","11176988"
"rr","11170382"
"dispute","11164678"
"portuguese","11160302"
"tired","11158233"
"titten","11158181"
"adverse","11157534"
"everywhere","11153149"
"excerpt","11148686"
"eng","11144620"
"steam","11141309"
"discharge","11140169"
"ef","11139051"
"drinks","11137329"
"ace","11134733"
"voices","11129180"
"acute","11128841"
"halloween","11123946"
"climbing","11117590"
"stood","11116275"
"sing","11114001"
"tons","11109804"
"perfume","11109790"
"carol","11109404"
"honest","11109203"
"albany","11108457"
"hazardous","11095147"
"restore","11092761"
"stack","11090579"
"methodology","11090402"
"somebody","11089522"
"sue","11086374"
"ep","11086357"
"housewares","11081832"
"reputation","11081735"
"resistant","11080383"
"democrats","11080202"
"recycling","11079315"
"hang","11077672"
"gbp","11077306"
"curve","11071177"
"creator","11071006"
"amber","11065507"
"qualifications","11063651"
"museums","11059541"
"coding","11058393"
"slideshow","11055536"
"tracker","11054208"
"variation","11043903"
"passage","11034796"
"transferred","11023998"
"trunk","11020361"
"hiking","11020291"
"lb","11017639"
"damn","11016467"
"pierre","11015591"
"jelsoft","11015013"
"headset","11014961"
"photograph","11014717"
"oakland","11011611"
"colombia","11011374"
"waves","11006010"
"camel","11005001"
"distributor","11002174"
"lamps","11000656"
"underlying","11000355"
"hood","10997944"
"wrestling","10996334"
"suicide","10996226"
"archived","10992630"
"photoshop","10991124"
"jp","10986062"
"chi","10981165"
"bt","10981096"
"arabia","10980809"
"gathering","10976378"
"projection","10975182"
"juice","10973425"
"chase","10971945"
"mathematical","10971768"
"logical","10970564"
"sauce","10968629"
"fame","10962456"
"extract","10962105"
"specialized","10955946"
"diagnostic","10955841"
"panama","10953110"
"indianapolis","10951797"
"af","10951514"
"payable","10948988"
"corporations","10945498"
"courtesy","10945291"
"criticism","10943753"
"automobile","10939225"
"confidential","10937497"
"rfc","10936498"
"statutory","10934584"
"accommodations","10932659"
"athens","10930110"
"northeast","10929164"
"downloaded","10920057"
"judges","10917393"
"sl","10916288"
"seo","10916104"
"retired","10914144"
"isp","10914017"
"remarks","10911869"
"detected","10911828"
"decades","10911127"
"paintings","10906609"
"walked","10905602"
"arising","10904371"
"nissan","10889889"
"bracelet","10887275"
"ins","10886378"
"eggs","10885514"
"juvenile","10884643"
"injection","10873254"
"yorkshire","10871783"
"populations","10869967"
"protective","10861679"
"afraid","10858793"
"acoustic","10857417"
"railway","10853755"
"cassette","10853321"
"initially","10849818"
"indicator","10846277"
"pointed","10845626"
"hb","10843806"
"jpg","10842679"
"causing","10841604"
"mistake","10841486"
"norton","10840451"
"locked","10837051"
"eliminate","10836172"
"tc","10834933"
"fusion","10834718"
"mineral","10833061"
"sunglasses","10831524"
"ruby","10830824"
"steering","10826821"
"beads","10825324"
"fortune","10823100"
"preference","10821710"
"canvas","10820175"
"threshold","10820054"
"parish","10808608"
"claimed","10805425"
"screens","10799678"
"cemetery","10799517"
"planner","10798993"
"croatia","10798841"
"flows","10797166"
"stadium","10797095"
"venezuela","10796973"
"exploration","10796216"
"mins","10793604"
"fewer","10792786"
"sequences","10790922"
"coupon","10788016"
"nurses","10783304"
"ssl","10777825"
"stem","10775393"
"proxy","10773043"
"gangbang","10767141"
"astronomy","10767054"
"lanka","10765788"
"opt","10763778"
"edwards","10761573"
"drew","10760463"
"contests","10760068"
"flu","10759905"
"translate","10756065"
"announces","10754974"
"mlb","10750904"
"costume","10749142"
"tagged","10748315"
"berkeley","10746947"
"voted","10746027"
"killer","10745688"
"bikes","10740880"
"gates","10734618"
"adjusted","10733092"
"rap","10729871"
"tune","10728129"
"bishop","10727838"
"pulled","10724879"
"corn","10723716"
"gp","10720137"
"shaped","10717999"
"compression","10712155"
"seasonal","10711168"
"establishing","10709113"
"farmer","10707897"
"counters","10706242"
"puts","10705170"
"constitutional","10699765"
"grew","10698645"
"perfectly","10698357"
"tin","10695557"
"slave","10692715"
"instantly","10691970"
"cultures","10690547"
"norfolk","10690400"
"coaching","10689595"
"examined","10689487"
"trek","10689116"
"encoding","10684685"
"litigation","10681417"
"submissions","10674606"
"oem","10669811"
"heroes","10669219"
"painted","10666710"
"lycos","10665969"
"ir","10662317"
"zdnet","10661625"
"broadcasting","10660304"
"horizontal","10655275"
"artwork","10654545"
"cosmetic","10651127"
"resulted","10647532"
"portrait","10647237"
"terrorist","10647080"
"informational","10645899"
"ethical","10644576"
"carriers","10644210"
"ecommerce","10643395"
"mobility","10643212"
"floral","10641202"
"builders","10639867"
"ties","10637546"
"struggle","10637472"
"schemes","10633782"
"suffering","10631848"
"neutral","10631835"
"fisher","10631475"
"rat","10626001"
"spears","10622346"
"prospective","10618399"
"dildos","10612318"
"bedding","10608944"
"ultimately","10608757"
"joining","10606585"
"heading","10604462"
"equally","10603542"
"artificial","10603435"
"bearing","10602853"
"spectacular","10602657"
"coordination","10601328"
"connector","10600313"
"brad","10595050"
"combo","10592758"
"seniors","10592234"
"worlds","10591522"
"guilty","10588260"
"affiliated","10583504"
"activation","10581402"
"naturally","10578629"
"haven","10569212"
"tablet","10568043"
"jury","10566974"
"dos","10564148"
"tail","10557843"
"subscribers","10557815"
"charm","10554644"
"lawn","10551602"
"violent","10551326"
"mitsubishi","10550625"
"underwear","10546819"
"basin","10544774"
"soup","10543301"
"potentially","10541780"
"ranch","10539650"
"constraints","10529222"
"crossing","10528114"
"inclusive","10524594"
"dimensional","10522059"
"cottage","10520695"
"drunk","10519219"
"considerable","10518680"
"crimes","10515840"
"resolved","10512341"
"mozilla","10511264"
"byte","10509871"
"toner","10508427"
"nose","10507356"
"latex","10502825"
"branches","10496749"
"anymore","10494227"
"oclc","10492483"
"delhi","10491603"
"holdings","10491229"
"alien","10490554"
"locator","10478335"
"selecting","10477348"
"processors","10468305"
"pantyhose","10466075"
"plc","10464669"
"broke","10460811"
"nepal","10459583"
"zimbabwe","10459195"
"difficulties","10456103"
"juan","10447286"
"complexity","10446732"
"msg","10443091"
"constantly","10442685"
"browsing","10442630"
"resolve","10441751"
"barcelona","10433419"
"presidential","10430695"
"documentary","10429008"
"cod","10426143"
"territories","10425468"
"melissa","10423009"
"moscow","10419336"
"thesis","10415545"
"thru","10412942"
"jews","10410302"
"nylon","10410171"
"palestinian","10409985"
"discs","10404995"
"rocky","10404321"
"bargains","10403472"
"frequent","10400111"
"trim","10395161"
"nigeria","10392451"
"ceiling","10391461"
"pixels","10381558"
"ensuring","10381359"
"hispanic","10379937"
"cv","10378141"
"cb","10376380"
"legislature","10375803"
"hospitality","10373383"
"gen","10369037"
"anybody","10367449"
"procurement","10367032"
"diamonds","10366433"
"espn","10365680"
"fleet","10364423"
"untitled","10362049"
"bunch","10355431"
"totals","10350962"
"marriott","10350709"
"singing","10349448"
"theoretical","10348868"
"afford","10348210"
"exercises","10346676"
"starring","10342756"
"referral","10341537"
"nhl","10338132"
"surveillance","10332765"
"optimal","10331534"
"quit","10324803"
"distinct","10323958"
"protocols","10321942"
"lung","10318643"
"highlight","10317486"
"substitute","10309868"
"inclusion","10305876"
"hopefully","10304848"
"brilliant","10302824"
"turner","10302792"
"sucking","10301698"
"cents","10301064"
"reuters","10296945"
"ti","10295313"
"fc","10294579"
"gel","10294568"
"todd","10291963"
"spoken","10290440"
"omega","10289113"
"evaluated","10288417"
"stayed","10286077"
"civic","10283668"
"assignments","10282466"
"fw","10281650"
"manuals","10278330"
"doug","10276664"
"sees","10274243"
"termination","10274046"
"watched","10266154"
"saver","10258158"
"thereof","10257549"
"grill","10254124"
"households","10251054"
"gs","10246889"
"redeem","10246248"
"rogers","10246146"
"grain","10244623"
"aaa","10243983"
"authentic","10235042"
"regime","10234937"
"wanna","10232302"
"wishes","10232199"
"bull","10231851"
"montgomery","10230206"
"architectural","10225722"
"louisville","10225533"
"depend","10224227"
"differ","10224024"
"macintosh","10220501"
"movements","10217824"
"ranging","10213057"
"monica","10210095"
"repairs","10209005"
"breath","10208731"
"amenities","10198635"
"virtually","10198413"
"cole","10196153"
"mart","10193683"
"candle","10193393"
"hanging","10190519"
"colored","10189750"
"authorization","10187414"
"tale","10186894"
"verified","10184772"
"lynn","10183306"
"formerly","10182974"
"projector","10182117"
"bp","10178173"
"situated","10177869"
"comparative","10177483"
"std","10176759"
"seeks","10174194"
"herbal","10173511"
"loving","10172381"
"strictly","10169150"
"routing","10169123"
"docs","10167452"
"stanley","10160132"
"psychological","10159161"
"surprised","10158243"
"retailer","10140662"
"vitamins","10139447"
"elegant","10137738"
"gains","10137566"
"renewal","10134639"
"vid","10132645"
"genealogy","10127416"
"opposed","10126959"
"deemed","10124641"
"scoring","10124355"
"expenditure","10121277"
"panties","10120827"
"brooklyn","10120132"
"liverpool","10118816"
"sisters","10116284"
"critics","10114264"
"connectivity","10113914"
"spots","10109662"
"oo","10108815"
"algorithms","10105789"
"hacker","10105645"
"madrid","10103341"
"similarly","10101415"
"margin","10100139"
"coin","10095328"
"bbw","10093596"
"solely","10091700"
"fake","10088583"
"salon","10079006"
"collaborative","10064088"
"norman","10063272"
"fda","10063257"
"excluding","10062992"
"turbo","10058686"
"headed","10058504"
"voters","10058315"
"cure","10046948"
"madonna","10044163"
"commander","10043511"
"arch","10040050"
"ni","10037404"
"murphy","10035536"
"thinks","10035159"
"thats","10034213"
"suggestion","10033796"
"hdtv","10033694"
"soldier","10032017"
"phillips","10031448"
"asin","10031107"
"aimed","10030370"
"justin","10029711"
"bomb","10028218"
"harm","10026586"
"interval","10026043"
"mirrors","10025204"
"spotlight","10022271"
"tricks","10022185"
"reset","10021033"
"brush","10018684"
"investigate","10018280"
"thy","10017433"
"expansys","10017046"
"panels","10016948"
"repeated","10015447"
"assault","10011305"
"connecting","10011002"
"spare","10009522"
"logistics","10008708"
"deer","10007644"
"kodak","10005470"
"tongue","10002563"
"bowling","9997649"
"tri","9995307"
"danish","9987098"
"pal","9987022"
"monkey","9983383"
"proportion","9983303"
"filename","9982265"
"skirt","9981485"
"florence","9981320"
"invest","9979906"
"honey","9978043"
"um","9977356"
"analyses","9976066"
"drawings","9975478"
"significance","9974078"
"scenario","9972760"
"ye","9972424"
"fs","9968457"
"lovers","9957546"
"atomic","9957374"
"approx","9954543"
"symposium","9954499"
"arabic","9954108"
"gauge","9952466"
"essentials","9949208"
"junction","9946903"
"protecting","9941975"
"nn","9939978"
"faced","9938155"
"mat","9937738"
"rachel","9937223"
"solving","9935681"
"transmitted","9934463"
"weekends","9928005"
"screenshots","9927402"
"produces","9926309"
"oven","9926264"
"ted","9926083"
"intensive","9923252"
"chains","9922983"
"kingston","9921225"
"sixth","9920054"
"engage","9919952"
"deviant","9917990"
"noon","9917780"
"switching","9915827"
"quoted","9915470"
"adapters","9914081"
"correspondence","9911984"
"farms","9908537"
"imports","9905359"
"supervision","9904839"
"cheat","9903572"
"bronze","9903268"
"expenditures","9900734"
"sandy","9897487"
"separation","9895531"
"testimony","9893472"
"suspect","9889728"
"celebrities","9887793"
"macro","9885853"
"sender","9885826"
"mandatory","9884397"
"boundaries","9884011"
"crucial","9880976"
"syndication","9873537"
"gym","9872500"
"celebration","9872199"
"kde","9872010"
"adjacent","9869232"
"filtering","9862849"
"tuition","9860033"
"spouse","9858936"
"exotic","9858662"
"viewer","9858416"
"signup","9857927"
"threats","9849639"
"luxembourg","9848763"
"puzzles","9847032"
"reaching","9832263"
"vb","9830530"
"damaged","9826789"
"cams","9824481"
"receptor","9823615"
"piss","9822831"
"laugh","9822471"
"joel","9814525"
"surgical","9811901"
"destroy","9811516"
"citation","9810893"
"pitch","9800556"
"autos","9798008"
"yo","9792810"
"premises","9787665"
"perry","9785838"
"proved","9782793"
"offensive","9781246"
"imperial","9776810"
"dozen","9776227"
"benjamin","9775193"
"deployment","9774331"
"teeth","9769437"
"cloth","9764137"
"studying","9763653"
"colleagues","9762059"
"stamp","9760468"
"lotus","9759485"
"salmon","9757346"
"olympus","9753199"
"separated","9752054"
"proc","9748737"
"cargo","9748668"
"tan","9747576"
"directive","9746031"
"fx","9737558"
"salem","9735569"
"mate","9732445"
"dl","9731411"
"starter","9730619"
"upgrades","9728964"
"likes","9727733"
"butter","9727172"
"pepper","9725001"
"weapon","9724562"
"luggage","9723336"
"burden","9722173"
"chef","9722004"
"tapes","9719559"
"zones","9719114"
"races","9715279"
"isle","9714155"
"stylish","9708474"
"slim","9707476"
"maple","9704551"
"luke","9699611"
"grocery","9699375"
"offshore","9689804"
"governing","9689657"
"retailers","9688459"
"depot","9688338"
"kenneth","9685446"
"comp","9681817"
"alt","9681244"
"pie","9681219"
"blend","9680982"
"harrison","9680496"
"ls","9678683"
"julie","9674906"
"occasionally","9674433"
"cbs","9672500"
"attending","9672057"
"emission","9671794"
"pete","9671293"
"spec","9669417"
"finest","9668295"
"realty","9667732"
"janet","9666108"
"bow","9663748"
"penn","9662639"
"recruiting","9662362"
"apparent","9650402"
"instructional","9650006"
"phpbb","9649545"
"autumn","9649500"
"traveling","9647591"
"probe","9643801"
"midi","9642188"
"permissions","9632465"
"biotechnology","9631572"
"toilet","9622554"
"ranked","9621386"
"jackets","9619919"
"routes","9615627"
"packed","9614167"
"excited","9611150"
"outreach","9602202"
"helen","9600641"
"mounting","9600438"
"recover","9597891"
"tied","9593428"
"lopez","9593132"
"balanced","9592756"
"prescribed","9590926"
"catherine","9589100"
"timely","9583522"
"talked","9582713"
"upskirts","9582217"
"debug","9581095"
"delayed","9579826"
"chuck","9574825"
"reproduced","9570000"
"hon","9569133"
"dale","9568925"
"explicit","9568886"
"calculation","9564034"
"villas","9561315"
"ebook","9558308"
"consolidated","9557816"
"boob","9557488"
"exclude","9556992"
"peeing","9555730"
"occasions","9550945"
"brooks","9546939"
"equations","9545165"
"newton","9540561"
"oils","9540418"
"sept","9540361"
"exceptional","9539321"
"anxiety","9539030"
"bingo","9539002"
"whilst","9537785"
"spatial","9537716"
"respondents","9534943"
"unto","9533187"
"lt","9532069"
"ceramic","9531846"
"prompt","9531069"
"precious","9529904"
"minds","9529696"
"annually","9528962"
"considerations","9523594"
"scanners","9520219"
"atm","9510909"
"xanax","9510471"
"eq","9506593"
"pays","9505614"
"cox","9503104"
"fingers","9498899"
"sunny","9497382"
"ebooks","9496435"
"delivers","9496295"
"je","9494130"
"queensland","9493358"
"necklace","9492391"
"musicians","9491482"
"leeds","9491065"
"composite","9490002"
"unavailable","9486162"
"cedar","9484993"
"arranged","9483767"
"lang","9483612"
"theaters","9481745"
"advocacy","9478772"
"raleigh","9478304"
"stud","9477498"
"fold","9476623"
"essentially","9474655"
"designing","9473961"
"threaded","9473827"
"uv","9471902"
"qualify","9469457"
"fingering","9463805"
"blair","9463587"
"hopes","9462715"
"assessments","9462624"
"cms","9461942"
"mason","9461838"
"diagram","9460260"
"burns","9460104"
"pumps","9456489"
"slut","9456308"
"ejaculation","9454899"
"footwear","9454184"
"sg","9452974"
"vic","9452560"
"beijing","9452095"
"peoples","9449074"
"victor","9448878"
"mario","9447559"
"pos","9445257"
"attach","9442716"
"licenses","9442167"
"utils","9440361"
"removing","9439327"
"advised","9436986"
"brunswick","9436844"
"spider","9436277"
"phys","9433060"
"ranges","9432991"
"pairs","9432115"
"sensitivity","9431504"
"trails","9428983"
"preservation","9427816"
"hudson","9427258"
"isolated","9421703"
"calgary","9415992"
"interim","9415083"
"assisted","9413705"
"divine","9413498"
"streaming","9413174"
"approve","9410993"
"chose","9409845"
"compound","9406648"
"intensity","9405746"
"technological","9404975"
"syndicate","9403719"
"abortion","9397315"
"dialog","9396449"
"venues","9389442"
"blast","9387171"
"wellness","9382967"
"calcium","9382761"
"newport","9381857"
"antivirus","9381010"
"addressing","9378374"
"pole","9377429"
"discounted","9376380"
"indians","9375105"
"shield","9374574"
"harvest","9368863"
"membrane","9368378"
"prague","9367126"
"previews","9367114"
"bangladesh","9366062"
"constitute","9358523"
"locally","9356689"
"concluded","9354983"
"pickup","9354139"
"desperate","9350873"
"mothers","9349761"
"nascar","9349675"
"iceland","9348645"
"demonstration","9347680"
"governmental","9346318"
"manufactured","9345751"
"candles","9345477"
"graduation","9345222"
"mega","9345031"
"bend","9342191"
"sailing","9341445"
"variations","9333993"
"moms","9332513"
"sacred","9331652"
"addiction","9331004"
"morocco","9330705"
"chrome","9329259"
"tommy","9327874"
"springfield","9324045"
"refused","9323160"
"brake","9321885"
"exterior","9319730"
"greeting","9318491"
"ecology","9315770"
"oliver","9312468"
"congo","9310976"
"glen","9308838"
"botswana","9305924"
"nav","9305379"
"delays","9301670"
"synthesis","9299369"
"olive","9298184"
"undefined","9295355"
"unemployment","9291396"
"cyber","9289150"
"verizon","9288236"
"scored","9286364"
"enhancement","9286231"
"newcastle","9284584"
"clone","9284578"
"dicks","9280692"
"velocity","9279532"
"lambda","9279528"
"relay","9275052"
"composed","9274507"
"tears","9274206"
"performances","9272429"
"oasis","9270498"
"baseline","9270123"
"cab","9268943"
"angry","9267505"
"fa","9265914"
"societies","9260047"
"silicon","9257759"
"brazilian","9253959"
"identical","9249252"
"petroleum","9246183"
"compete","9245630"
"ist","9244227"
"norwegian","9238765"
"lover","9234545"
"belong","9233597"
"honolulu","9232306"
"beatles","9231396"
"lips","9228435"
"escort","9226628"
"retention","9226062"
"exchanges","9223640"
"pond","9223378"
"rolls","9220414"
"thomson","9218657"
"barnes","9216649"
"soundtrack","9215529"
"wondering","9214753"
"malta","9212218"
"daddy","9211193"
"lc","9209884"
"ferry","9208954"
"rabbit","9208689"
"profession","9208483"
"seating","9207831"
"dam","9204248"
"cnn","9199332"
"separately","9199179"
"physiology","9197243"
"lil","9197038"
"collecting","9196546"
"das","9195872"
"exports","9195244"
"omaha","9193841"
"tire","9192117"
"participant","9190865"
"scholarships","9190488"
"recreational","9183129"
"dominican","9182019"
"chad","9176989"
"electron","9176181"
"loads","9175948"
"friendship","9175451"
"heather","9170875"
"passport","9170570"
"motel","9170238"
"unions","9167657"
"treasury","9167640"
"warrant","9167246"
"sys","9167125"
"solaris","9166466"
"frozen","9165551"
"occupied","9165435"
"josh","9163898"
"royalty","9162860"
"scales","9162147"
"rally","9155530"
"observer","9155080"
"sunshine","9152357"
"strain","9151339"
"drag","9150581"
"ceremony","9150049"
"somehow","9149642"
"arrested","9147670"
"expanding","9147487"
"provincial","9144703"
"investigations","9139993"
"icq","9138506"
"ripe","9136158"
"yamaha","9134279"
"rely","9132658"
"medications","9128659"
"hebrew","9126538"
"gained","9124289"
"rochester","9124031"
"dying","9123557"
"laundry","9123546"
"stuck","9120620"
"solomon","9120064"
"placing","9118766"
"stops","9118589"
"homework","9116821"
"adjust","9115016"
"assessed","9112773"
"advertiser","9111848"
"enabling","9108041"
"encryption","9106010"
"filling","9103402"
"downloadable","9100404"
"sophisticated","9100034"
"imposed","9098534"
"silence","9096561"
"scsi","9096109"
"focuses","9095206"
"soviet","9095147"
"possession","9088454"
"cu","9087531"
"laboratories","9087221"
"treaty","9086189"
"vocal","9082826"
"trainer","9081168"
"organ","9077449"
"stronger","9076588"
"volumes","9076451"
"advances","9067771"
"vegetables","9067552"
"lemon","9066930"
"toxic","9065369"
"dns","9064219"
"thumbnails","9064111"
"darkness","9058089"
"pty","9057527"
"ws","9055509"
"nuts","9053763"
"nail","9051805"
"bizrate","9051799"
"vienna","9051157"
"implied","9050427"
"span","9047179"
"stanford","9047134"
"sox","9046134"
"stockings","9044052"
"joke","9043968"
"respondent","9040827"
"packing","9039257"
"statute","9035618"
"rejected","9035260"
"satisfy","9029773"
"destroyed","9026486"
"shelter","9025308"
"chapel","9025153"
"gamespot","9021690"
"manufacture","9020752"
"layers","9018453"
"wordpress","9018084"
"guided","9015660"
"vulnerability","9013560"
"accountability","9011124"
"celebrate","9010814"
"accredited","9006302"
"appliance","9005645"
"compressed","9004826"
"bahamas","9002602"
"powell","9001251"
"mixture","8996041"
"zoophilia","8995090"
"bench","8992211"
"univ","8991617"
"tub","8990811"
"rider","8987802"
"scheduling","8986610"
"radius","8985161"
"perspectives","8983024"
"mortality","8978176"
"logging","8976964"
"hampton","8975507"
"christians","8974444"
"borders","8974127"
"therapeutic","8971499"
"pads","8971153"
"butts","8968856"
"inns","8968593"
"bobby","8964342"
"impressive","8963757"
"sheep","8962638"
"accordingly","8960086"
"architect","8954294"
"railroad","8948891"
"lectures","8946545"
"challenging","8944912"
"wines","8939582"
"nursery","8938613"
"harder","8937729"
"cups","8935485"
"ash","8934811"
"microwave","8934594"
"cheapest","8933030"
"accidents","8930846"
"travesti","8929924"
"relocation","8929354"
"stuart","8927715"
"contributors","8924784"
"salvador","8924572"
"ali","8924192"
"salad","8923706"
"np","8922179"
"monroe","8922026"
"tender","8921535"
"violations","8918978"
"foam","8915164"
"temperatures","8913207"
"paste","8913055"
"clouds","8913052"
"competitions","8912029"
"discretion","8911298"
"tft","8910613"
"tanzania","8910566"
"preserve","8910519"
"jvc","8909854"
"poem","8908949"
"vibrator","8904602"
"unsigned","8901333"
"staying","8900981"
"cosmetics","8900972"
"easter","8899534"
"theories","8895360"
"repository","8892664"
"praise","8892149"
"jeremy","8892076"
"venice","8890952"
"jo","8889756"
"concentrations","8887519"
"vibrators","8887202"
"estonia","8886653"
"christianity","8886615"
"veteran","8886185"
"streams","8882706"
"landing","8882585"
"signing","8879976"
"executed","8879901"
"katie","8878399"
"negotiations","8877079"
"realistic","8874648"
"dt","8871681"
"cgi","8870927"
"showcase","8869023"
"integral","8867484"
"asks","8865097"
"relax","8856944"
"namibia","8853770"
"generating","8850249"
"christina","8849356"
"congressional","8848585"
"synopsis","8848268"
"hardly","8845763"
"prairie","8843835"
"reunion","8840817"
"composer","8839743"
"bean","8839308"
"sword","8835685"
"absent","8831540"
"photographic","8830744"
"sells","8827377"
"ecuador","8826169"
"hoping","8825881"
"accessed","8825205"
"spirits","8819959"
"modifications","8819107"
"coral","8818272"
"pixel","8813200"
"float","8808655"
"colin","8807299"
"bias","8807284"
"imported","8806670"
"paths","8806073"
"bubble","8806043"
"por","8804069"
"acquire","8803690"
"contrary","8799793"
"millennium","8798222"
"tribune","8797383"
"vessel","8794883"
"acids","8793940"
"focusing","8787624"
"viruses","8786573"
"cheaper","8786062"
"admitted","8784950"
"dairy","8781961"
"admit","8780656"
"mem","8778831"
"fancy","8777135"
"equality","8776326"
"samoa","8775146"
"gc","8773965"
"achieving","8773550"
"tap","8770914"
"stickers","8766678"
"fisheries","8764667"
"exceptions","8761002"
"reactions","8756359"
"leasing","8753305"
"lauren","8749769"
"beliefs","8748050"
"ci","8747150"
"macromedia","8745988"
"companion","8745556"
"squad","8744772"
"analyze","8744719"
"ashley","8743561"
"scroll","8741548"
"relate","8740432"
"divisions","8740349"
"swim","8739102"
"wages","8737438"
"additionally","8737401"
"suffer","8733670"
"forests","8729343"
"fellowship","8728834"
"nano","8724156"
"invalid","8718056"
"concerts","8711517"
"martial","8710009"
"males","8708016"
"victorian","8705544"
"retain","8703797"
"colours","8701943"
"execute","8698527"
"tunnel","8697960"
"genres","8694858"
"cambodia","8694511"
"patents","8694302"
"copyrights","8691928"
"yn","8691254"
"chaos","8690268"
"lithuania","8688361"
"mastercard","8687804"
"wheat","8685589"
"chronicles","8685154"
"obtaining","8683426"
"beaver","8682215"
"updating","8678834"
"distribute","8678754"
"readings","8678675"
"decorative","8674671"
"kijiji","8674351"
"confused","8673715"
"compiler","8666924"
"enlargement","8665117"
"eagles","8664871"
"bases","8663363"
"vii","8660788"
"accused","8659913"
"bee","8659734"
"campaigns","8659113"
"unity","8657709"
"loud","8653692"
"conjunction","8652516"
"bride","8650665"
"rats","8649718"
"defines","8645360"
"airports","8640814"
"instances","8636454"
"indigenous","8636449"
"begun","8636352"
"cfr","8635553"
"brunette","8635091"
"packets","8634757"
"anchor","8633382"
"socks","8632058"
"validation","8630880"
"parade","8629746"
"corruption","8628385"
"stat","8628104"
"trigger","8626739"
"incentives","8625429"
"cholesterol","8620700"
"gathered","8619411"
"essex","8617835"
"slovenia","8617537"
"notified","8617516"
"differential","8617224"
"beaches","8617066"
"folders","8612253"
"dramatic","8612079"
"surfaces","8610304"
"terrible","8610277"
"routers","8604416"
"cruz","8604297"
"pendant","8603520"
"dresses","8602214"
"baptist","8600706"
"scientist","8600655"
"starsmerchant","8600292"
"hiring","8600151"
"clocks","8598993"
"arthritis","8597099"
"bios","8597047"
"females","8595390"
"wallace","8591343"
"nevertheless","8587591"
"reflects","8586062"
"taxation","8584169"
"fever","8582665"
"pmc","8581311"
"cuisine","8575966"
"surely","8574112"
"practitioners","8572140"
"transcript","8571931"
"myspace","8571480"
"theorem","8569908"
"inflation","8567769"
"thee","8564377"
"nb","8563390"
"ruth","8563167"
"pray","8562732"
"stylus","8562046"
"compounds","8561772"
"pope","8560878"
"drums","8560748"
"contracting","8560554"
"topless","8553761"
"arnold","8551232"
"structured","8549448"
"reasonably","8548385"
"jeep","8547455"
"chicks","8546991"
"bare","8546200"
"hung","8543618"
"cattle","8542988"
"mba","8542630"
"radical","8540978"
"graduates","8538966"
"rover","8537021"
"recommends","8536378"
"controlling","8536013"
"treasure","8534047"
"reload","8533926"
"distributors","8531840"
"flame","8527495"
"levitra","8526929"
"tanks","8526525"
"assuming","8525795"
"monetary","8524903"
"elderly","8524071"
"pit","8523152"
"arlington","8522010"
"mono","8520822"
"particles","8520598"
"floating","8519508"
"extraordinary","8513936"
"tile","8509304"
"indicating","8506888"
"bolivia","8506635"
"spell","8506049"
"hottest","8505915"
"stevens","8504380"
"coordinate","8502942"
"kuwait","8500528"
"exclusively","8499379"
"emily","8497262"
"alleged","8495916"
"limitation","8494162"
"widescreen","8493676"
"compile","8493391"
"squirting","8492512"
"webster","8490161"
"struck","8489716"
"rx","8486361"
"illustration","8483700"
"plymouth","8478857"
"warnings","8477085"
"construct","8471574"
"apps","8468762"
"inquiries","8466828"
"bridal","8466303"
"annex","8465905"
"mag","8461577"
"gsm","8460675"
"inspiration","8460625"
"tribal","8460247"
"curious","8460088"
"affecting","8458005"
"freight","8453128"
"rebate","8451915"
"meetup","8449127"
"eclipse","8448687"
"sudan","8447525"
"ddr","8445959"
"downloading","8445219"
"rec","8441122"
"shuttle","8440760"
"aggregate","8438852"
"stunning","8436751"
"cycles","8434209"
"affects","8433483"
"forecasts","8432832"
"detect","8431562"
"sluts","8430809"
"actively","8430340"
"ciao","8429222"
"ampland","8429029"
"knee","8426957"
"prep","8426130"
"pb","8424893"
"complicated","8423441"
"chem","8419917"
"fastest","8417992"
"butler","8416381"
"shopzilla","8415359"
"injured","8412484"
"decorating","8411562"
"payroll","8410507"
"cookbook","8410461"
"expressions","8407890"
"ton","8405500"
"courier","8404855"
"uploaded","8400243"
"shakespeare","8394310"
"hints","8393784"
"collapse","8393063"
"americas","8389582"
"connectors","8388769"
"twinks","8388664"
"unlikely","8387131"
"oe","8386358"
"gif","8384163"
"pros","8379526"
"conflicts","8376606"
"techno","8376069"
"beverage","8375242"
"tribute","8374010"
"wired","8371548"
"elvis","8369987"
"immune","8368663"
"latvia","8364713"
"travelers","8364541"
"forestry","8363344"
"barriers","8363320"
"cant","8363193"
"jd","8363023"
"rarely","8361371"
"gpl","8359813"
"infected","8358326"
"offerings","8357699"
"martha","8355942"
"genesis","8354765"
"barrier","8353617"
"argue","8353605"
"incorrect","8353566"
"trains","8347103"
"metals","8345314"
"bicycle","8344882"
"furnishings","8344412"
"letting","8339922"
"arise","8337093"
"guatemala","8336537"
"celtic","8333967"
"thereby","8333948"
"irc","8332867"
"jamie","8330541"
"particle","8328892"
"perception","8327495"
"minerals","8326767"
"advise","8325087"
"humidity","8321426"
"bottles","8320355"
"boxing","8319372"
"wy","8318770"
"dm","8318724"
"bangkok","8318647"
"renaissance","8317577"
"pathology","8314757"
"sara","8314336"
"bra","8310230"
"ordinance","8306901"
"hughes","8306299"
"photographers","8306260"
"bitch","8302447"
"infections","8296662"
"jeffrey","8295609"
"chess","8293823"
"operates","8291329"
"brisbane","8291276"
"configured","8289360"
"survive","8286260"
"oscar","8285553"
"festivals","8283573"
"menus","8283476"
"joan","8280137"
"possibilities","8279533"
"duck","8279189"
"reveal","8278392"
"canal","8278196"
"amino","8273641"
"phi","8273448"
"contributing","8273017"
"herbs","8271850"
"clinics","8270209"
"mls","8268707"
"cow","8267976"
"manitoba","8266886"
"analytical","8266048"
"missions","8262839"
"watson","8262252"
"lying","8260845"
"costumes","8259187"
"strict","8256471"
"dive","8254655"
"saddam","8253650"
"circulation","8252534"
"drill","8248787"
"offense","8248745"
"threesome","8248425"
"bryan","8247764"
"cet","8243582"
"protest","8243564"
"handjob","8239763"
"assumption","8239127"
"jerusalem","8238637"
"hobby","8237250"
"tries","8236889"
"transexuales","8234877"
"invention","8227022"
"nickname","8226050"
"fiji","8219554"
"technician","8218658"
"inline","8218587"
"executives","8215657"
"enquiries","8215393"
"washing","8213049"
"audi","8212116"
"staffing","8211954"
"cognitive","8211944"
"exploring","8210352"
"trick","8208473"
"enquiry","8208125"
"closure","8207909"
"raid","8207357"
"ppc","8205779"
"timber","8205739"
"volt","8204673"
"intense","8202396"
"div","8200687"
"playlist","8200358"
"registrar","8198909"
"showers","8198630"
"supporters","8197749"
"ruling","8196826"
"steady","8194131"
"dirt","8191960"
"statutes","8191031"
"withdrawal","8189026"
"myers","8188797"
"drops","8187657"
"predicted","8187530"
"wider","8186703"
"saskatchewan","8186212"
"jc","8184332"
"cancellation","8183513"
"plugins","8183425"
"enrolled","8182105"
"sensors","8181414"
"screw","8177263"
"ministers","8175323"
"publicly","8174368"
"hourly","8170909"
"blame","8170544"
"geneva","8169165"
"freebsd","8161945"
"veterinary","8160775"
"acer","8160550"
"prostores","8159596"
"reseller","8159450"
"dist","8157317"
"handed","8150012"
"suffered","8148331"
"intake","8145321"
"informal","8143403"
"relevance","8143379"
"incentive","8142630"
"butterfly","8141617"
"tucson","8141001"
"mechanics","8138930"
"heavily","8136563"
"swingers","8133475"
"fifty","8133138"
"headers","8132869"
"mistakes","8132757"
"numerical","8132289"
"ons","8129510"
"geek","8129025"
"uncle","8127694"
"defining","8126054"
"xnxx","8124818"
"counting","8122357"
"reflection","8121245"
"sink","8120590"
"accompanied","8119884"
"assure","8118473"
"invitation","8116098"
"devoted","8115627"
"princeton","8114227"
"jacob","8114034"
"sodium","8112246"
"randy","8110369"
"spirituality","8110292"
"hormone","8108338"
"meanwhile","8105294"
"proprietary","8104058"
"timothy","8103385"
"childrens","8100069"
"brick","8094369"
"grip","8094164"
"naval","8091649"
"thumbzilla","8088964"
"medieval","8087116"
"porcelain","8086207"
"avi","8084386"
"bridges","8083681"
"pichunter","8082691"
"captured","8081642"
"watt","8078455"
"thehun","8076660"
"decent","8075752"
"casting","8071983"
"dayton","8068842"
"translated","8068739"
"shortly","8068497"
"cameron","8064574"
"columnists","8064506"
"pins","8062888"
"carlos","8062714"
"reno","8059568"
"donna","8058734"
"andreas","8058390"
"warrior","8058069"
"diploma","8052765"
"cabin","8052267"
"innocent","8051344"
"bdsm","8050305"
"scanning","8049759"
"ide","8047346"
"consensus","8045198"
"polo","8044299"
"valium","8043979"
"copying","8043300"
"rpg","8042611"
"delivering","8042490"
"cordless","8042360"
"patricia","8042229"
"horn","8041908"
"eddie","8038567"
"uganda","8036029"
"fired","8031937"
"journalism","8029164"
"pd","8027301"
"prot","8027025"
"trivia","8022961"
"adidas","8021560"
"perth","8020600"
"frog","8019592"
"grammar","8019137"
"intention","8018304"
"syria","8013914"
"disagree","8010102"
"klein","8009252"
"harvey","8007194"
"tires","8007166"
"logs","8004052"
"undertaken","8002746"
"tgp","8001985"
"hazard","8001020"
"retro","8000179"
"leo","7999564"
"livesex","7998363"
"statewide","7997430"
"semiconductor","7994769"
"gregory","7994610"
"episodes","7992878"
"boolean","7991813"
"circular","7991428"
"anger","7991036"
"diy","7990525"
"mainland","7987678"
"illustrations","7987303"
"suits","7986526"
"chances","7980733"
"interact","7979075"
"snap","7978122"
"happiness","7976747"
"arg","7976318"
"substantially","7973137"
"bizarre","7965108"
"glenn","7963817"
"ur","7963413"
"auckland","7960929"
"olympics","7957969"
"fruits","7957429"
"identifier","7956303"
"geo","7952815"
"worldsex","7950176"
"ribbon","7949592"
"calculations","7949423"
"doe","7946613"
"jpeg","7946228"
"conducting","7945868"
"startup","7945485"
"suzuki","7943973"
"trinidad","7941269"
"ati","7939891"
"kissing","7939523"
"wal","7937298"
"handy","7936655"
"swap","7936113"
"exempt","7935194"
"crops","7931319"
"reduces","7930754"
"accomplished","7928651"
"calculators","7928172"
"geometry","7926717"
"impression","7926329"
"abs","7925063"
"slovakia","7924180"
"flip","7923655"
"guild","7923630"
"correlation","7923081"
"gorgeous","7921525"
"capitol","7917607"
"sim","7917540"
"dishes","7917224"
"rna","7916693"
"barbados","7914154"
"chrysler","7909680"
"nervous","7908601"
"refuse","7906739"
"extends","7905326"
"fragrance","7904906"
"mcdonald","7904746"
"replica","7904448"
"plumbing","7903090"
"brussels","7894782"
"tribe","7890695"
"neighbors","7890643"
"trades","7889114"
"superb","7886083"
"buzz","7885592"
"transparent","7885356"
"nuke","7883128"
"rid","7877480"
"trinity","7877415"
"charleston","7875155"
"handled","7871280"
"legends","7869529"
"boom","7869145"
"calm","7867353"
"champions","7866751"
"floors","7863646"
"selections","7863046"
"projectors","7859378"
"inappropriate","7854984"
"exhaust","7853076"
"comparing","7852873"
"shanghai","7850915"
"speaks","7849940"
"burton","7849087"
"vocational","7847368"
"davidson","7847044"
"copied","7846786"
"scotia","7846014"
"farming","7844515"
"gibson","7843641"
"pharmacies","7840420"
"fork","7839872"
"troy","7839453"
"ln","7838721"
"roller","7835563"
"introducing","7835494"
"batch","7835050"
"organize","7833420"
"appreciated","7831655"
"alter","7831337"
"nicole","7827726"
"latino","7827064"
"ghana","7826979"
"edges","7826115"
"uc","7825094"
"mixing","7825076"
"handles","7823946"
"skilled","7822819"
"fitted","7821703"
"albuquerque","7820786"
"harmony","7820250"
"distinguished","7819407"
"asthma","7819180"
"projected","7817947"
"assumptions","7816824"
"shareholders","7816480"
"twins","7815027"
"developmental","7812620"
"rip","7811993"
"zope","7811673"
"regulated","7811167"
"triangle","7808241"
"amend","7806844"
"anticipated","7805107"
"oriental","7801287"
"reward","7796577"
"windsor","7796269"
"zambia","7793214"
"completing","7792221"
"gmbh","7792191"
"buf","7790383"
"ld","7788065"
"hydrogen","7782756"
"webshots","7782169"
"sprint","7777576"
"comparable","7771705"
"chick","7771502"
"advocate","7767184"
"sims","7766711"
"confusion","7753690"
"copyrighted","7753345"
"tray","7752079"
"inputs","7750633"
"warranties","7750411"
"genome","7750168"
"escorts","7748900"
"documented","7748021"
"thong","7747699"
"medal","7747036"
"paperbacks","7745861"
"coaches","7744876"
"vessels","7744606"
"harbour","7744494"
"walks","7744070"
"sucks","7743126"
"sol","7742935"
"keyboards","7742684"
"sage","7739556"
"knives","7736647"
"eco","7736515"
"vulnerable","7731173"
"arrange","7727860"
"artistic","7725365"
"bat","7725300"
"honors","7724703"
"booth","7723310"
"indie","7722085"
"reflected","7721386"
"unified","7718780"
"bones","7717501"
"breed","7716901"
"detector","7716106"
"ignored","7715815"
"polar","7715471"
"fallen","7714660"
"precise","7713353"
"sussex","7713059"
"respiratory","7712801"
"notifications","7712209"
"msgid","7711057"
"transexual","7710514"
"mainstream","7707583"
"invoice","7705574"
"evaluating","7703288"
"lip","7697283"
"subcommittee","7695207"
"sap","7694814"
"gather","7692892"
"suse","7691084"
"maternity","7689807"
"backed","7688105"
"alfred","7683998"
"colonial","7681403"
"mf","7681143"
"carey","7679924"
"motels","7671328"
"forming","7671030"
"embassy","7669494"
"cave","7668883"
"journalists","7666080"
"danny","7664864"
"rebecca","7664761"
"slight","7664301"
"proceeds","7662697"
"indirect","7660350"
"amongst","7657732"
"wool","7657081"
"foundations","7656208"
"msgstr","7655514"
"arrest","7653819"
"volleyball","7652654"
"mw","7651741"
"adipex","7650082"
"horizon","7648930"
"nu","7641650"
"deeply","7641115"
"toolbox","7639504"
"ict","7635837"
"marina","7635596"
"liabilities","7633976"
"prizes","7632888"
"bosnia","7630931"
"browsers","7628576"
"decreased","7628272"
"patio","7627536"
"dp","7627436"
"tolerance","7626816"
"surfing","7626574"
"creativity","7625520"
"lloyd","7624316"
"describing","7620342"
"optics","7616886"
"pursue","7615784"
"lightning","7615712"
"overcome","7615672"
"eyed","7613901"
"ou","7613704"
"quotations","7612612"
"grab","7610506"
"inspector","7610238"
"attract","7608984"
"brighton","7608900"
"beans","7607524"
"bookmarks","7607172"
"ellis","7607078"
"disable","7606571"
"snake","7606395"
"succeed","7605605"
"leonard","7602783"
"lending","7600212"
"oops","7597549"
"reminder","7595207"
"nipple","7595055"
"xi","7589570"
"searched","7588455"
"behavioral","7585493"
"riverside","7585114"
"bathrooms","7584755"
"plains","7584638"
"sku","7583324"
"ht","7582554"
"raymond","7580925"
"insights","7579690"
"abilities","7578665"
"initiated","7577787"
"sullivan","7574988"
"za","7573829"
"midwest","7572172"
"karaoke","7568648"
"trap","7568482"
"lonely","7567701"
"fool","7567218"
"ve","7563495"
"nonprofit","7563000"
"lancaster","7560021"
"suspended","7558542"
"hereby","7556876"
"observe","7556517"
"julia","7556335"
"containers","7553719"
"attitudes","7553476"
"karl","7553289"
"berry","7551906"
"collar","7551477"
"simultaneously","7550101"
"racial","7549723"
"integrate","7547193"
"bermuda","7545339"
"amanda","7541237"
"sociology","7541153"
"mobiles","7540824"
"screenshot","7538659"
"exhibitions","7538148"
"kelkoo","7537738"
"confident","7537438"
"retrieved","7534050"
"exhibits","7533895"
"officially","7533785"
"consortium","7532771"
"dies","7532282"
"terrace","7531575"
"bacteria","7530969"
"pts","7529949"
"replied","7528347"
"seafood","7525177"
"novels","7525142"
"rh","7524738"
"rrp","7524132"
"recipients","7523934"
"playboy","7523693"
"ought","7523238"
"delicious","7521332"
"traditions","7520675"
"fg","7519837"
"jail","7515955"
"safely","7515572"
"finite","7514740"
"kidney","7514651"
"periodically","7513935"
"fixes","7513516"
"sends","7512707"
"durable","7510780"
"mazda","7509120"
"allied","7508812"
"throws","7506714"
"moisture","7505832"
"hungarian","7504915"
"roster","7503686"
"referring","7496798"
"symantec","7496195"
"spencer","7495460"
"wichita","7494430"
"nasdaq","7492824"
"uruguay","7491625"
"ooo","7491386"
"hz","7489876"
"transform","7488924"
"timer","7488669"
"tablets","7485928"
"tuning","7480638"
"gotten","7480306"
"educators","7476133"
"tyler","7474964"
"futures","7472575"
"vegetable","7470219"
"verse","7469512"
"highs","7468394"
"humanities","7465314"
"independently","7464079"
"wanting","7463610"
"custody","7459454"
"scratch","7457515"
"launches","7455848"
"ipaq","7454622"
"alignment","7454436"
"masturbating","7453955"
"henderson","7453879"
"bk","7453778"
"britannica","7452694"
"comm","7452092"
"ellen","7450956"
"competitors","7449364"
"nhs","7447103"
"rocket","7447070"
"aye","7441890"
"bullet","7440918"
"towers","7438264"
"racks","7436380"
"lace","7436281"
"nasty","7434847"
"visibility","7434248"
"latitude","7432948"
"consciousness","7431877"
"ste","7430971"
"tumor","7430480"
"ugly","7430462"
"deposits","7430333"
"beverly","7429063"
"mistress","7426613"
"encounter","7426608"
"trustees","7426417"
"watts","7423674"
"duncan","7423378"
"reprints","7418973"
"hart","7416862"
"bernard","7416113"
"resolutions","7415763"
"ment","7415216"
"accessing","7415131"
"forty","7415064"
"tubes","7413309"
"attempted","7412242"
"col","7402414"
"midlands","7402328"
"priest","7401793"
"floyd","7401451"
"ronald","7400733"
"analysts","7400631"
"queue","7398569"
"dx","7396278"
"sk","7392775"
"trance","7392026"
"locale","7391821"
"nicholas","7390870"
"biol","7390183"
"yu","7383148"
"bundle","7382454"
"hammer","7382393"
"invasion","7381794"
"witnesses","7381231"
"runner","7381022"
"rows","7379744"
"administered","7379068"
"notion","7378935"
"sq","7371207"
"skins","7370612"
"mailed","7370075"
"oc","7369574"
"fujitsu","7368844"
"spelling","7368045"
"arctic","7366509"
"exams","7364984"
"rewards","7362798"
"beneath","7362453"
"strengthen","7362426"
"defend","7362127"
"aj","7362042"
"frederick","7360731"
"medicaid","7356955"
"treo","7353633"
"infrared","7353180"
"seventh","7351731"
"gods","7349181"
"une","7347765"
"welsh","7346867"
"belly","7346354"
"aggressive","7345918"
"tex","7342192"
"advertisements","7341945"
"quarters","7341914"
"stolen","7341424"
"cia","7338564"
"sublimedirectory","7337696"
"soonest","7335443"
"haiti","7332685"
"disturbed","7332357"
"determines","7331574"
"sculpture","7328010"
"poly","7326088"
"ears","7324193"
"dod","7322498"
"wp","7319881"
"fist","7319405"
"naturals","7318729"
"neo","7316103"
"motivation","7315438"
"lenders","7315239"
"pharmacology","7313571"
"fitting","7313197"
"fixtures","7313034"
"bloggers","7312692"
"mere","7312247"
"agrees","7311475"
"passengers","7309716"
"quantities","7308855"
"petersburg","7306746"
"consistently","7304456"
"powerpoint","7303201"
"cons","7299642"
"surplus","7299526"
"elder","7299470"
"sonic","7298920"
"obituaries","7294410"
"cheers","7293284"
"dig","7292787"
"taxi","7292568"
"punishment","7292386"
"appreciation","7290884"
"subsequently","7290235"
"om","7287650"
"belarus","7286372"
"nat","7285471"
"zoning","7285410"
"gravity","7285163"
"providence","7284693"
"thumb","7284386"
"restriction","7282015"
"incorporate","7280657"
"backgrounds","7280105"
"treasurer","7279010"
"guitars","7278585"
"essence","7275414"
"flooring","7275214"
"lightweight","7274935"
"ethiopia","7273849"
"tp","7269514"
"mighty","7268735"
"athletes","7268360"
"humanity","7267430"
"transcription","7265470"
"jm","7262550"
"holmes","7262057"
"complications","7261846"
"scholars","7260315"
"dpi","7260183"
"scripting","7259780"
"gis","7259718"
"remembered","7259499"
"galaxy","7256361"
"chester","7255961"
"snapshot","7254276"
"caring","7253663"
"loc","7253484"
"worn","7252925"
"synthetic","7252923"
"shaw","7250288"
"vp","7249918"
"segments","7249885"
"testament","7246471"
"expo","7246083"
"dominant","7245256"
"twist","7240854"
"specifics","7239904"
"itunes","7239599"
"stomach","7234044"
"partially","7231835"
"buried","7228389"
"cn","7226864"
"newbie","7225056"
"minimize","7223673"
"darwin","7222807"
"ranks","7222499"
"wilderness","7222440"
"debut","7220643"
"generations","7219639"
"tournaments","7217017"
"bradley","7214373"
"deny","7211272"
"anatomy","7210406"
"bali","7209040"
"judy","7208668"
"sponsorship","7207314"
"headphones","7203965"
"fraction","7201835"
"trio","7201758"
"proceeding","7201235"
"cube","7200844"
"defects","7197744"
"volkswagen","7193665"
"uncertainty","7193641"
"breakdown","7193446"
"milton","7192953"
"marker","7192496"
"reconstruction","7192366"
"subsidiary","7192144"
"strengths","7191478"
"clarity","7190446"
"rugs","7190103"
"sandra","7188116"
"adelaide","7187486"
"encouraging","7187031"
"furnished","7186113"
"monaco","7185303"
"settled","7183409"
"folding","7182520"
"emirates","7182004"
"terrorists","7179253"
"airfare","7179198"
"comparisons","7177121"
"beneficial","7174133"
"distributions","7172968"
"vaccine","7172504"
"belize","7170798"
"crap","7169097"
"fate","7163528"
"viewpicture","7163233"
"promised","7162874"
"volvo","7162635"
"penny","7162062"
"robust","7162001"
"bookings","7160959"
"threatened","7160212"
"minolta","7160032"
"republicans","7158782"
"discusses","7157257"
"gui","7157010"
"porter","7153875"
"gras","7152151"
"jungle","7151430"
"ver","7150746"
"rn","7150230"
"responded","7149431"
"rim","7148785"
"abstracts","7148233"
"zen","7146814"
"ivory","7146685"
"alpine","7144035"
"dis","7141885"
"prediction","7141450"
"pharmaceuticals","7139704"
"andale","7136201"
"fabulous","7135769"
"remix","7132676"
"alias","7132147"
"thesaurus","7130215"
"individually","7129413"
"battlefield","7124495"
"literally","7123178"
"newer","7122879"
"kay","7122340"
"ecological","7120322"
"spice","7120274"
"oval","7119163"
"implies","7118895"
"cg","7118113"
"soma","7116175"
"ser","7114069"
"cooler","7113822"
"appraisal","7113257"
"consisting","7112172"
"maritime","7110338"
"periodic","7109279"
"submitting","7109263"
"overhead","7109005"
"ascii","7108409"
"prospect","7104679"
"shipment","7101837"
"breeding","7099543"
"citations","7098366"
"geographical","7097027"
"donor","7096675"
"mozambique","7096287"
"tension","7095608"
"href","7095087"
"benz","7094855"
"trash","7092806"
"shapes","7092073"
"wifi","7092027"
"tier","7089353"
"fwd","7086252"
"earl","7084976"
"manor","7084688"
"envelope","7082265"
"diane","7081367"
"homeland","7078337"
"disclaimers","7074734"
"championships","7072912"
"excluded","7071343"
"andrea","7068627"
"breeds","7068459"
"rapids","7068412"
"disco","7067687"
"sheffield","7065072"
"bailey","7064210"
"aus","7063525"
"endif","7063258"
"finishing","7061480"
"emotions","7060789"
"wellington","7059665"
"incoming","7058840"
"prospects","7058609"
"lexmark","7057573"
"cleaners","7057391"
"bulgarian","7056806"
"hwy","7052767"
"eternal","7051757"
"cashiers","7050805"
"guam","7048764"
"cite","7045823"
"aboriginal","7042822"
"remarkable","7042042"
"rotation","7041716"
"nam","7037733"
"preventing","7037005"
"productive","7036132"
"boulevard","7036096"
"eugene","7035647"
"ix","7031195"
"gdp","7029981"
"pig","7028841"
"metric","7027911"
"compliant","7025769"
"minus","7025364"
"penalties","7023725"
"bennett","7021418"
"imagination","7019006"
"hotmail","7018682"
"refurbished","7018259"
"joshua","7018211"
"armenia","7014638"
"varied","7013799"
"grande","7012300"
"closest","7011109"
"activated","7010205"
"actress","7010056"
"mess","7008727"
"conferencing","7008203"
"assign","7007787"
"armstrong","7006855"
"politicians","7005074"
"trackbacks","7004496"
"lit","7003064"
"accommodate","7002915"
"tigers","7001213"
"aurora","7000546"
"una","6999910"
"slides","6999875"
"milan","6999311"
"premiere","6998633"
"lender","6998474"
"villages","6997181"
"shade","6996835"
"chorus","6994116"
"christine","6993943"
"rhythm","6993833"
"digit","6991045"
"argued","6989831"
"dietary","6988904"
"symphony","6988846"
"clarke","6987535"
"sudden","6982423"
"accepting","6981678"
"precipitation","6980701"
"marilyn","6980500"
"lions","6980244"
"findlaw","6978485"
"ada","6977809"
"pools","6977605"
"tb","6972398"
"lyric","6970278"
"claire","6965584"
"isolation","6964319"
"speeds","6959553"
"sustained","6959107"
"matched","6956828"
"approximate","6952889"
"rope","6947989"
"carroll","6946701"
"rational","6946029"
"programmer","6945578"
"fighters","6943528"
"chambers","6943275"
"dump","6942258"
"greetings","6940235"
"inherited","6938093"
"warming","6936723"
"incomplete","6935973"
"vocals","6935028"
"chronicle","6933665"
"fountain","6932099"
"chubby","6930695"
"grave","6929008"
"legitimate","6928802"
"biographies","6927628"
"burner","6925111"
"yrs","6924463"
"foo","6923081"
"investigator","6922557"
"gba","6921458"
"plaintiff","6921228"
"finnish","6916250"
"gentle","6913935"
"bm","6912845"
"prisoners","6912118"
"deeper","6910132"
"muslims","6910095"
"hose","6909109"
"mediterranean","6908392"
"nightlife","6907863"
"footage","6907471"
"howto","6907401"
"worthy","6907063"
"reveals","6905372"
"architects","6905009"
"saints","6904519"
"entrepreneur","6902698"
"carries","6902565"
"sig","6901508"
"freelance","6900216"
"duo","6898480"
"excessive","6897882"
"devon","6896016"
"screensaver","6895910"
"helena","6893327"
"saves","6892635"
"regarded","6892622"
"valuation","6892298"
"unexpected","6891123"
"cigarette","6890707"
"fog","6889832"
"characteristic","6889575"
"marion","6889564"
"lobby","6887477"
"egyptian","6886505"
"tunisia","6884276"
"metallica","6880755"
"outlined","6879767"
"consequently","6878129"
"headline","6877614"
"treating","6876896"
"punch","6872844"
"appointments","6872540"
"str","6871657"
"gotta","6870320"
"cowboy","6868615"
"narrative","6865202"
"bahrain","6863973"
"enormous","6863738"
"karma","6862407"
"consist","6861709"
"betty","6858121"
"queens","6857915"
"academics","6857856"
"pubs","6856583"
"quantitative","6856307"
"shemales","6856195"
"lucas","6855976"
"screensavers","6854686"
"subdivision","6853615"
"tribes","6852777"
"vip","6851845"
"defeat","6851628"
"clicks","6850538"
"distinction","6847512"
"honduras","6846795"
"naughty","6845743"
"hazards","6844737"
"insured","6844376"
"harper","6843424"
"livestock","6843285"
"mardi","6842238"
"exemption","6842211"
"tenant","6841635"
"sustainability","6841235"
"cabinets","6839944"
"tattoo","6839828"
"shake","6839319"
"algebra","6837784"
"shadows","6834963"
"holly","6834032"
"formatting","6833739"
"silly","6833654"
"nutritional","6832614"
"yea","6831773"
"mercy","6831149"
"hartford","6827422"
"freely","6826769"
"marcus","6825770"
"sunrise","6825721"
"wrapping","6825675"
"mild","6825099"
"fur","6824491"
"nicaragua","6823056"
"weblogs","6821124"
"timeline","6819400"
"tar","6815687"
"belongs","6811798"
"rj","6809450"
"readily","6800893"
"affiliation","6800211"
"soc","6796618"
"fence","6796605"
"nudist","6796558"
"infinite","6795427"
"diana","6795021"
"ensures","6794220"
"relatives","6790916"
"lindsay","6788857"
"clan","6788642"
"legally","6786936"
"shame","6785296"
"satisfactory","6785226"
"revolutionary","6784780"
"bracelets","6784037"
"sync","6783321"
"civilian","6782491"
"telephony","6781709"
"mesa","6780960"
"fatal","6779744"
"remedy","6779161"
"realtors","6779056"
"breathing","6778253"
"briefly","6777662"
"thickness","6777013"
"adjustments","6774522"
"graphical","6772818"
"genius","6770764"
"discussing","6770039"
"aerospace","6769942"
"fighter","6769666"
"meaningful","6768984"
"flesh","6768724"
"retreat","6768275"
"adapted","6767295"
"barely","6764292"
"wherever","6763200"
"estates","6762781"
"rug","6759009"
"democrat","6758314"
"borough","6757768"
"maintains","6757738"
"failing","6757353"
"shortcuts","6755251"
"ka","6754270"
"retained","6752745"
"voyeurweb","6751740"
"pamela","6751640"
"andrews","6748385"
"marble","6745255"
"extending","6744759"
"jesse","6744751"
"specifies","6744015"
"hull","6744002"
"logitech","6743685"
"surrey","6743263"
"briefing","6737775"
"belkin","6736236"
"dem","6736082"
"accreditation","6733072"
"wav","6732310"
"blackberry","6731784"
"highland","6731053"
"meditation","6729371"
"modular","6729139"
"microphone","6728403"
"macedonia","6727127"
"combining","6724712"
"brandon","6724445"
"instrumental","6724375"
"giants","6724177"
"organizing","6723300"
"shed","6720397"
"balloon","6719614"
"moderators","6714560"
"winston","6712262"
"memo","6710272"
"ham","6710254"
"solved","6710172"
"tide","6705696"
"kazakhstan","6705621"
"hawaiian","6701194"
"standings","6701017"
"partition","6700658"
"invisible","6699963"
"gratuit","6699832"
"consoles","6699804"
"funk","6697219"
"fbi","6697183"
"qatar","6695603"
"magnet","6694571"
"translations","6694010"
"porsche","6691885"
"cayman","6691441"
"jaguar","6687890"
"reel","6687134"
"sheer","6684477"
"commodity","6684471"
"posing","6683144"
"wang","6682155"
"kilometers","6677539"
"rp","6677416"
"bind","6677053"
"thanksgiving","6676568"
"rand","6676222"
"hopkins","6674368"
"urgent","6674221"
"guarantees","6674117"
"infants","6673177"
"gothic","6673024"
"cylinder","6672412"
"witch","6671560"
"buck","6669472"
"indication","6667902"
"eh","6667066"
"congratulations","6666777"
"tba","6666724"
"cohen","6665722"
"sie","6665401"
"usgs","6663806"
"puppy","6662287"
"kathy","6661457"
"acre","6660361"
"graphs","6660200"
"surround","6660071"
"cigarettes","6658273"
"revenge","6655322"
"expires","6654690"
"enemies","6654467"
"lows","6654240"
"controllers","6652762"
"aqua","6650975"
"chen","6650939"
"emma","6649709"
"consultancy","6648252"
"finances","6647959"
"accepts","6647640"
"enjoying","6647058"
"conventions","6647013"
"eva","6646235"
"patrol","6645446"
"smell","6642666"
"pest","6638255"
"hc","6636932"
"italiano","6635888"
"coordinates","6635126"
"rca","6634774"
"fp","6634623"
"carnival","6633835"
"roughly","6633076"
"sticker","6632250"
"promises","6632069"
"responding","6629299"
"reef","6627185"
"physically","6626169"
"divide","6625143"
"stakeholders","6624570"
"hydrocodone","6623055"
"gst","6621639"
"consecutive","6620830"
"cornell","6620754"
"satin","6620674"
"bon","6619974"
"deserve","6619274"
"attempting","6618228"
"mailto","6617507"
"promo","6616863"
"jj","6616163"
"representations","6615452"
"chan","6612938"
"worried","6610456"
"tunes","6610108"
"garbage","6609450"
"competing","6608747"
"combines","6606328"
"mas","6602100"
"beth","6597110"
"bradford","6596963"
"len","6596651"
"phrases","6596622"
"kai","6593897"
"peninsula","6592516"
"chelsea","6592362"
"boring","6590871"
"reynolds","6590765"
"dom","6590045"
"jill","6589607"
"accurately","6587832"
"speeches","6587170"
"reaches","6584676"
"schema","6584321"
"considers","6583467"
"sofa","6581358"
"catalogs","6580887"
"ministries","6578188"
"vacancies","6574616"
"quizzes","6574487"
"parliamentary","6572284"
"obj","6572150"
"prefix","6571204"
"lucia","6571033"
"savannah","6569355"
"barrel","6568339"
"typing","6567944"
"nerve","6567418"
"dans","6566589"
"planets","6565548"
"deficit","6564569"
"boulder","6562262"
"pointing","6562181"
"renew","6561081"
"coupled","6560131"
"viii","6557928"
"myanmar","6557198"
"metadata","6557081"
"harold","6554087"
"circuits","6553324"
"floppy","6552141"
"texture","6551718"
"handbags","6550555"
"jar","6549211"
"ev","6548438"
"somerset","6547979"
"incurred","6547035"
"acknowledge","6546612"
"thoroughly","6545165"
"antigua","6542883"
"nottingham","6542853"
"thunder","6542703"
"tent","6542394"
"caution","6542160"
"identifies","6540017"
"questionnaire","6539764"
"qualification","6537637"
"locks","6536771"
"modelling","6535752"
"namely","6534503"
"miniature","6534321"
"dept","6534300"
"hack","6533909"
"dare","6533855"
"euros","6533754"
"interstate","6531883"
"pirates","6531487"
"aerial","6531386"
"hawk","6529086"
"consequence","6528999"
"rebel","6527810"
"systematic","6527542"
"perceived","6527194"
"origins","6526476"
"hired","6526426"
"makeup","6525396"
"textile","6524569"
"lamb","6524456"
"madagascar","6524173"
"nathan","6523975"
"tobago","6521836"
"presenting","6521475"
"cos","6519725"
"troubleshooting","6519650"
"uzbekistan","6517603"
"indexes","6516296"
"pac","6515935"
"rl","6515779"
"erp","6511150"
"centuries","6510767"
"gl","6510137"
"magnitude","6507232"
"ui","6506925"
"richardson","6506250"
"hindu","6505867"
"dh","6501864"
"fragrances","6501326"
"vocabulary","6500785"
"licking","6499813"
"earthquake","6498726"
"vpn","6498481"
"fundraising","6497328"
"fcc","6495119"
"markers","6494071"
"weights","6493767"
"albania","6491835"
"geological","6489369"
"assessing","6488267"
"lasting","6487026"
"wicked","6486222"
"eds","6486176"
"introduces","6484370"
"kills","6484339"
"roommate","6484327"
"webcams","6484304"
"pushed","6482839"
"webmasters","6482110"
"ro","6478647"
"df","6477096"
"computational","6475374"
"acdbentity","6475222"
"participated","6474500"
"junk","6474279"
"handhelds","6473739"
"wax","6472822"
"lucy","6472814"
"answering","6472783"
"hans","6471170"
"impressed","6470043"
"slope","6469975"
"reggae","6467917"
"failures","6467553"
"poet","6466394"
"conspiracy","6464990"
"surname","6464687"
"theology","6464165"
"nails","6463889"
"evident","6462719"
"whats","6462263"
"rides","6461201"
"rehab","6460331"
"epic","6457720"
"saturn","6456206"
"organizer","6455968"
"nut","6455927"
"allergy","6453834"
"sake","6452394"
"twisted","6451973"
"combinations","6451955"
"preceding","6451360"
"merit","6450895"